{
  "version": "0.6.2",
  "graph": {
    "nodes": [
      {
        "id": "n0",
        "position": {
          "x": 249.9900987880502,
          "y": -35.11518900899142
        },
        "caption": "Room"
      },
      {
        "id": "n1",
        "position": {
          "x": -64.67743491296,
          "y": -35.11518900899142
        },
        "caption": "Talk"
      },
      {
        "id": "n2",
        "position": {
          "x": -379.3449686139702,
          "y": -35.11518900899142
        },
        "caption": "Tag"
      },
      {
        "id": "n3",
        "position": {
          "x": -64.67743491296,
          "y": 179.82388095765748
        },
        "caption": "Speaker"
      },
      {
        "id": "n4",
        "position": {
          "x": -64.67743491296,
          "y": -250.05425897564032
        },
        "caption": "Track"
      }
    ],
    "relationships": [
      {
        "id": "n0",
        "type": "IN_ROOM",
        "fromId": "n1",
        "toId": "n0"
      },
      {
        "id": "n1",
        "type": "TAGGED",
        "fromId": "n1",
        "toId": "n2"
      },
      {
        "id": "n2",
        "type": "PRESENTS",
        "fromId": "n3",
        "toId": "n1"
      },
      {
        "id": "n3",
        "type": "IN_TRACK",
        "fromId": "n1",
        "toId": "n4"
      }
    ]
  },
  "dataModel": {
    "fileModel": {
      "fileSchemas": {
        "devoxx.nodes.Room.csv": {
          "expanded": true,
          "fields": [
            {
              "name": ":ID",
              "type": "integer",
              "sample": "848",
              "include": true
            },
            {
              "name": "capacity",
              "type": "integer",
              "sample": "348",
              "include": true
            },
            {
              "name": "name",
              "type": "string",
              "sample": "Room 4",
              "include": true
            },
            {
              "name": "id",
              "type": "integer",
              "sample": "4706",
              "include": true
            },
            {
              "name": ":LABEL",
              "type": "string",
              "sample": "Room",
              "include": true
            }
          ]
        },
        "devoxx.nodes.Speaker.csv": {
          "expanded": true,
          "fields": [
            {
              "name": ":ID",
              "type": "integer",
              "sample": "226",
              "include": true
            },
            {
              "name": "company",
              "type": "string",
              "sample": "Sofico",
              "include": true
            },
            {
              "name": "twitter",
              "type": "string",
              "sample": "",
              "include": true
            },
            {
              "name": "name",
              "type": "string",
              "sample": "Robin De Roeck",
              "include": true
            },
            {
              "name": "id",
              "type": "integer",
              "sample": "49403",
              "include": true
            },
            {
              "name": "image",
              "type": "string",
              "sample": "https://devoxxian-image-thumbnails.s3-eu-west-1.amazonaws.com/profile-bf615f53-0fef-4644-aec4-19d02b719855.jpg",
              "include": true
            },
            {
              "name": ":LABEL",
              "type": "string",
              "sample": "Speaker",
              "include": true
            }
          ]
        },
        "devoxx.nodes.Tag.csv": {
          "expanded": true,
          "fields": [
            {
              "name": ":ID",
              "type": "integer",
              "sample": "447",
              "include": true
            },
            {
              "name": "name",
              "type": "string",
              "sample": "Kubernetes",
              "include": true
            },
            {
              "name": ":LABEL",
              "type": "string",
              "sample": "Tag",
              "include": true
            }
          ]
        },
        "devoxx.nodes.Talk.csv": {
          "expanded": true,
          "fields": [
            {
              "name": ":ID",
              "type": "integer",
              "sample": "0",
              "include": true
            },
            {
              "name": "end",
              "type": "datetime",
              "sample": "2022-10-12T15:30Z",
              "include": true
            },
            {
              "name": "start",
              "type": "datetime",
              "sample": "2022-10-12T14:40Z",
              "include": true
            },
            {
              "name": "type",
              "type": "string",
              "sample": "Conference",
              "include": true
            },
            {
              "name": "favorites",
              "type": "integer",
              "sample": "81",
              "include": true
            },
            {
              "name": "level",
              "type": "string",
              "sample": "BEGINNER",
              "include": true
            },
            {
              "name": "duration",
              "type": "integer",
              "sample": "50",
              "include": true
            },
            {
              "name": "id",
              "type": "integer",
              "sample": "49652",
              "include": true
            },
            {
              "name": "title",
              "type": "string",
              "sample": "2022: A GitOps Odyssey",
              "include": true
            },
            {
              "name": "summary",
              "type": "string",
              "sample": "",
              "include": true
            },
            {
              "name": ":LABEL",
              "type": "string",
              "sample": "Talk",
              "include": true
            }
          ]
        },
        "devoxx.nodes.Track.csv": {
          "expanded": true,
          "fields": [
            {
              "name": ":ID",
              "type": "integer",
              "sample": "128",
              "include": true
            },
            {
              "name": "description",
              "type": "string",
              "sample": "Modern operational concerns, including build pipelines, orchestration, observability, monitoring, resilience, and compliance, as the software world embraces DevOps and cloud delivery.",
              "include": true
            },
            {
              "name": "name",
              "type": "string",
              "sample": "Build & Deploy",
              "include": true
            },
            {
              "name": "id",
              "type": "integer",
              "sample": "1254",
              "include": true
            },
            {
              "name": ":LABEL",
              "type": "string",
              "sample": "Track",
              "include": true
            }
          ]
        },
        "devoxx.relationships.IN_ROOM.csv": {
          "expanded": true,
          "fields": [
            {
              "name": ":START_ID",
              "type": "integer",
              "sample": "6",
              "include": true
            },
            {
              "name": ":END_ID",
              "type": "integer",
              "sample": "848",
              "include": true
            },
            {
              "name": ":TYPE",
              "type": "string",
              "sample": "IN_ROOM",
              "include": true
            }
          ]
        },
        "devoxx.relationships.IN_TRACK.csv": {
          "expanded": true,
          "fields": [
            {
              "name": ":START_ID",
              "type": "integer",
              "sample": "0",
              "include": true
            },
            {
              "name": ":END_ID",
              "type": "integer",
              "sample": "128",
              "include": true
            },
            {
              "name": ":TYPE",
              "type": "string",
              "sample": "IN_TRACK",
              "include": true
            }
          ]
        },
        "devoxx.relationships.PRESENTS.csv": {
          "expanded": true,
          "fields": [
            {
              "name": ":START_ID",
              "type": "integer",
              "sample": "226",
              "include": true
            },
            {
              "name": ":END_ID",
              "type": "integer",
              "sample": "0",
              "include": true
            },
            {
              "name": ":TYPE",
              "type": "string",
              "sample": "PRESENTS",
              "include": true
            }
          ]
        },
        "devoxx.relationships.TAGGED.csv": {
          "expanded": true,
          "fields": [
            {
              "name": ":START_ID",
              "type": "integer",
              "sample": "0",
              "include": true
            },
            {
              "name": ":END_ID",
              "type": "integer",
              "sample": "447",
              "include": true
            },
            {
              "name": ":TYPE",
              "type": "string",
              "sample": "TAGGED",
              "include": true
            }
          ]
        }
      }
    },
    "graphModel": {
      "nodeSchemas": {
        "n0": {
          "label": "Room",
          "additionLabels": [],
          "labelProperties": [],
          "properties": [
            {
              "property": "capacity",
              "type": "integer",
              "identifier": "Gt9BLWSJ0dMzcC6euw5jS"
            },
            {
              "property": "name",
              "type": "string",
              "identifier": "K00vhJnr1pdS0EdC8RaVt"
            },
            {
              "property": "id",
              "type": "integer",
              "identifier": "4FR9aSY3I7k_9neXQJybg"
            },
            {
              "property": "nodeId",
              "type": "integer",
              "identifier": "5HyJXIxkij-UJAi40_nOn"
            }
          ],
          "key": {
            "properties": [
              "5HyJXIxkij-UJAi40_nOn"
            ],
            "name": ""
          }
        },
        "n1": {
          "label": "Talk",
          "additionLabels": [],
          "labelProperties": [],
          "properties": [
            {
              "property": "favorites",
              "type": "integer",
              "identifier": "DyEDZIPoiLZNbMcdSn_vp"
            },
            {
              "property": "level",
              "type": "string",
              "identifier": "7Rn7MVMZdvw3rWIRPPVPb"
            },
            {
              "property": "duration",
              "type": "integer",
              "identifier": "chD7vwVDlHrQSspdj5mw-"
            },
            {
              "property": "id",
              "type": "integer",
              "identifier": "2EnWqPCwSyd4j4yXfX5Tb"
            },
            {
              "property": "title",
              "type": "string",
              "identifier": "bKb3ryyxEwJWjOHKBr6Og"
            },
            {
              "property": "summary",
              "type": "string",
              "identifier": "KPXdgkZ_mnVBm9tr8OTep"
            },
            {
              "property": "endTime",
              "type": "datetime",
              "identifier": "p6wWmklUbaF7bFC1qzGqg"
            },
            {
              "property": "startTime",
              "type": "datetime",
              "identifier": "akeGLJND1qVXmjNvrVF1j"
            },
            {
              "property": "sessionType",
              "type": "string",
              "identifier": "f3nXrt1yBgex_qyFstrGX"
            },
            {
              "property": "nodeId",
              "type": "integer",
              "identifier": "c7wGcmIxjwZlyNK3yu0U9"
            }
          ],
          "key": {
            "properties": [
              "c7wGcmIxjwZlyNK3yu0U9"
            ],
            "name": ""
          }
        },
        "n2": {
          "label": "Tag",
          "additionLabels": [],
          "labelProperties": [],
          "properties": [
            {
              "property": "name",
              "type": "string",
              "identifier": "1lBSbiefNcoQpOLaVs1hJ"
            },
            {
              "property": "nodeId",
              "type": "integer",
              "identifier": "0N4N7IigbS5S_gC8zj_it"
            }
          ],
          "key": {
            "properties": [
              "0N4N7IigbS5S_gC8zj_it"
            ],
            "name": ""
          }
        },
        "n3": {
          "label": "Speaker",
          "additionLabels": [],
          "labelProperties": [],
          "properties": [
            {
              "property": "company",
              "type": "string",
              "identifier": "GnWlkOYEKNbZWW7k6swya"
            },
            {
              "property": "twitter",
              "type": "string",
              "identifier": "-IEZbmKRlYL23HgaDBSbZ"
            },
            {
              "property": "name",
              "type": "string",
              "identifier": "tyX84paZ4gKBEPkaLDmf6"
            },
            {
              "property": "id",
              "type": "integer",
              "identifier": "I4iG_DBdyeEMhdyZBygk3"
            },
            {
              "property": "image",
              "type": "string",
              "identifier": "gqJjZsTkpl7DwYirlPApZ"
            },
            {
              "property": "nodeId",
              "type": "integer",
              "identifier": "Wx2EMm_ctt12w4OdNnp6U"
            }
          ],
          "key": {
            "properties": [
              "Wx2EMm_ctt12w4OdNnp6U"
            ],
            "name": ""
          }
        },
        "n4": {
          "label": "Track",
          "additionLabels": [],
          "labelProperties": [],
          "properties": [
            {
              "property": "description",
              "type": "string",
              "identifier": "IUhS2wjfW8BVDH9Fg0Ab1"
            },
            {
              "property": "name",
              "type": "string",
              "identifier": "l760qQhIPWFA1rlJcWUtX"
            },
            {
              "property": "id",
              "type": "integer",
              "identifier": "7pyYTOllPk4vo0o5LZY1v"
            },
            {
              "property": "nodeId",
              "type": "integer",
              "identifier": "DPX8PU3rquvuUZYrFApup"
            }
          ],
          "key": {
            "properties": [
              "DPX8PU3rquvuUZYrFApup"
            ],
            "name": ""
          }
        }
      },
      "relationshipSchemas": {
        "n0": {
          "type": "IN_ROOM",
          "sourceNodeSchema": "n1",
          "targetNodeSchema": "n0",
          "properties": []
        },
        "n1": {
          "type": "TAGGED",
          "sourceNodeSchema": "n1",
          "targetNodeSchema": "n2",
          "properties": []
        },
        "n2": {
          "type": "PRESENTS",
          "sourceNodeSchema": "n3",
          "targetNodeSchema": "n1",
          "properties": []
        },
        "n3": {
          "type": "IN_TRACK",
          "sourceNodeSchema": "n1",
          "targetNodeSchema": "n4",
          "properties": []
        }
      }
    },
    "mappingModel": {
      "nodeMappings": {
        "n0": {
          "nodeSchema": "n0",
          "fileSchema": "devoxx.nodes.Room.csv",
          "mappings": [
            {
              "field": "capacity"
            },
            {
              "field": "name"
            },
            {
              "field": "id"
            },
            {
              "field": ":ID"
            }
          ]
        },
        "n1": {
          "nodeSchema": "n1",
          "fileSchema": "devoxx.nodes.Talk.csv",
          "mappings": [
            {
              "field": "favorites"
            },
            {
              "field": "level"
            },
            {
              "field": "duration"
            },
            {
              "field": "id"
            },
            {
              "field": "title"
            },
            {
              "field": "summary"
            },
            {
              "field": "end"
            },
            {
              "field": "start"
            },
            {
              "field": "type"
            },
            {
              "field": ":ID"
            }
          ]
        },
        "n2": {
          "nodeSchema": "n2",
          "fileSchema": "devoxx.nodes.Tag.csv",
          "mappings": [
            {
              "field": "name"
            },
            {
              "field": ":ID"
            }
          ]
        },
        "n3": {
          "nodeSchema": "n3",
          "fileSchema": "devoxx.nodes.Speaker.csv",
          "mappings": [
            {
              "field": "company"
            },
            {
              "field": "twitter"
            },
            {
              "field": "name"
            },
            {
              "field": "id"
            },
            {
              "field": "image"
            },
            {
              "field": ":ID"
            }
          ]
        },
        "n4": {
          "nodeSchema": "n4",
          "fileSchema": "devoxx.nodes.Track.csv",
          "mappings": [
            {
              "field": "description"
            },
            {
              "field": "name"
            },
            {
              "field": "id"
            },
            {
              "field": ":ID"
            }
          ]
        }
      },
      "relationshipMappings": {
        "n0": {
          "relationshipSchema": "n0",
          "mappings": [],
          "sourceMappings": [
            {
              "field": ":START_ID"
            }
          ],
          "targetMappings": [
            {
              "field": ":END_ID"
            }
          ],
          "fileSchema": "devoxx.relationships.IN_ROOM.csv"
        },
        "n1": {
          "relationshipSchema": "n1",
          "mappings": [],
          "sourceMappings": [
            {
              "field": ":START_ID"
            }
          ],
          "targetMappings": [
            {
              "field": ":END_ID"
            }
          ],
          "fileSchema": "devoxx.relationships.TAGGED.csv"
        },
        "n2": {
          "relationshipSchema": "n2",
          "mappings": [],
          "sourceMappings": [
            {
              "field": ":START_ID"
            }
          ],
          "targetMappings": [
            {
              "field": ":END_ID"
            }
          ],
          "fileSchema": "devoxx.relationships.PRESENTS.csv"
        },
        "n3": {
          "relationshipSchema": "n3",
          "mappings": [],
          "sourceMappings": [
            {
              "field": ":START_ID"
            }
          ],
          "targetMappings": [
            {
              "field": ":END_ID"
            }
          ],
          "fileSchema": "devoxx.relationships.IN_TRACK.csv"
        }
      }
    },
    "configurations": {
      "idsToIgnore": []
    }
  }
}