:ID,company,twitter,name,id:long,image,:LABEL
226,Sofico,,Robin De Roeck,49403,https://devoxxian-image-thumbnails.s3-eu-west-1.amazonaws.com/profile-bf615f53-0fef-4644-aec4-19d02b719855.jpg,Speaker
227,Kubo Labs,@altolabs,Alain Regnier,20577,https://lh3.googleusercontent.com/a-/AFdZucoMvtrrwfCGhvKIFfqBfRpLpaU_hbL3lYUoE_Dulw=s96-c,Speaker
228,Oracle,@shaunMsmith,Shaun Smith,20067,https://devoxxian-image-thumbnails.s3-eu-west-1.amazonaws.com/profile-2b6aff9e-f1b7-4aa4-b585-4ed758c38b42.jpg,Speaker
229,Red Hat,@sebi2706,Sébastien Blanc,12107,https://lh3.googleusercontent.com/a-/AOh14GghdlsQf-LeH_np8EgyP0zMkqdtdA3aeHvPYsYOag=s96-c,Speaker
230,Diffblue Ltd,@andyp1per,Andrew Piper,18898,https://devoxxian-image-thumbnails.s3-eu-west-1.amazonaws.com/profile-9dbb6648-bd07-4d55-b830-e8cd0f27700d.jpg,Speaker
231,VMware,@snicoll,Stéphane Nicoll,16706,https://avatars.githubusercontent.com/u/490484?v=4,Speaker
232,VMware,@bclozel,Brian Clozel,16075,https://avatars.githubusercontent.com/u/103264?v=4,Speaker
233,DataStax,@clunven,Cedrick Lunven,16071,https://devoxxian-image-thumbnails.s3-eu-west-1.amazonaws.com/profile-4a1db4b4-4467-44c4-826a-d56da4422c1f.png,Speaker
234,Rock the JVM,@rockthejvm,Daniel Ciocirlan,5901,https://devoxxian-image-thumbnails.s3-eu-west-1.amazonaws.com/profile-f2c34fd2-aa0c-4d72-bc72-ce4172b2eabf.jpg,Speaker
235,Sonatype,@spoole167,Steve Poole,14123,https://devoxxian-image-thumbnails.s3-eu-west-1.amazonaws.com/profile-9395c0c7-70e7-4732-a73f-4ce419cb3782.jpg,Speaker
236,Black Tulip Technology. ,@technologytulip,Barry O’Reilly,2808,https://devoxxian-image-thumbnails.s3-eu-west-1.amazonaws.com/profile-a500bd63-8548-4126-bc50-ea8b30069581.jpeg,Speaker
237,Info Support,@mthmulders,Maarten Mulders,1860,https://devoxxian-image-thumbnails.s3-eu-west-1.amazonaws.com/profile-5a27dce0-f016-4133-afdf-55c8ca941412.jpg,Speaker
238,Sonatype,@hboutemy,Hervé Boutemy,16055,https://devoxxian-image-thumbnails.s3-eu-west-1.amazonaws.com/profile-11fbc0fb-4198-4d0f-b6d9-1e142612a9fd.jpg,Speaker
239,Yugabyte,@FranckPachot,Franck Pachot,12851,https://devoxxian-image-thumbnails.s3-eu-west-1.amazonaws.com/profile-86706099-1fd6-400a-8a94-98dcca7e56d9.png,Speaker
240,Red Hat,@kvarel4,Karina Varela,7101,https://lh3.googleusercontent.com/a-/AOh14Giu1hk9t0ODVFSfznMHmTYae1m_kLXw8VEi_JfsUe4=s96-c,Speaker
241,Worldline,@touret_alex,Alexandre Touret,12105,https://devoxxian-image-thumbnails.s3-eu-west-1.amazonaws.com/profile-2d7bbbaa-3b73-44af-b52f-b3509c4b213e.png,Speaker
242,LifeArchitect.ai,@dralandthompson,Alan D. Thompson,37001,https://devoxxian-image-thumbnails.s3-eu-west-1.amazonaws.com/profile-e4e9befa-5c81-49da-9877-6239f8630a1d.jpg,Speaker
243,The Safe Place,@MarcyChama,Marcy Ericka Charollois,18877,https://devoxxian-image-thumbnails.s3-eu-west-1.amazonaws.com/profile-0e502154-4d9c-4580-aaa5-f7466253ebbf.png,Speaker
244,Lightbend,@octonato,Renato Cavalcanti,18900,https://devoxxian-image-thumbnails.s3-eu-west-1.amazonaws.com/profile-40db6bdf-6e0e-4ce8-93a7-37c03d360f44.jpg,Speaker
245,T.M.P. Solution,@ohubaut,Olivier Hubaut,18887,https://devoxxian-image-thumbnails.s3-eu-west-1.amazonaws.com/profile-ohubaut.jpg,Speaker
246,Info Support NV,@TCoolsIT,Tom Cools,14107,https://devoxxian-image-thumbnails.s3-eu-west-1.amazonaws.com/profile-d04118f8-5b55-4d2f-9c2c-9d61ef2c76ee.jpg,Speaker
247,Azul,@FrankDelporte,Frank Delporte,13309,https://devoxxian-image-thumbnails.s3-eu-west-1.amazonaws.com/profile-86202750-dd85-40ed-853f-feb5d5507a2f.jpg,Speaker
248,Open Elements,@HendrikEbbers,Hendrik Ebbers,20551,https://devoxxian-image-thumbnails.s3-eu-west-1.amazonaws.com/profile-84155e87-b889-4c4a-8a85-000165c95b9c.jpg,Speaker
249,Swirlds Labs Inc.,@net0pyr,Michael Heinrichs,20555,https://devoxxian-image-thumbnails.s3-eu-west-1.amazonaws.com/profile-56f7222f-03cc-446b-ac39-ca438b532442.jpg,Speaker
250,Redis,@bsbodden,Brian Sam-Bodden,57555,https://devoxxian-image-thumbnails.s3-eu-west-1.amazonaws.com/profile-9eb6eb6b-edbe-4a1a-b08f-05cc3e2919f6.jpg,Speaker
251,"iText Software Group, N.V.",@MyMilkedEek,Michael Demey,20552,https://devoxxian-image-thumbnails.s3-eu-west-1.amazonaws.com/profile-8c440ece-e1dc-4d43-8137-a294a45b4503.jpg,Speaker
252,Accenture,@math7t,Mathieu Humbert,20560,https://devoxxian-image-thumbnails.s3-eu-west-1.amazonaws.com/profile-ba387b45-766e-44b1-abf7-e5cab861929d.png,Speaker
253,Amazon Web Services,,Kevin Azijn,14115,https://devoxxian-image-thumbnails.s3-eu-west-1.amazonaws.com/profile-f33a4f3b-d31e-430b-91a4-a318ae25ca75.jpg,Speaker
254,AWS,@vsenger,Vinicius Senger,50551,https://avatars.githubusercontent.com/u/88415?v=4,Speaker
255,Okta,@deepu105,Deepu K Sasidharan,14902,https://devoxxian-image-thumbnails.s3-eu-west-1.amazonaws.com/profile-894c1781-d8c3-4fc6-bcd8-d53e678f3a7e.jpg,Speaker
256,Microsoft,@mkheck,Mark Heckler,11308,https://lh3.googleusercontent.com/a-/AOh14GhzjJeYX3TK8uizrhJt7qsmV1LSuJxiAY-zTThcxK8=s96-c,Speaker
257,ML6,@RobbeSneyders,Robbe Sneyders,17911,https://lh3.googleusercontent.com/a-/AFdZucr2YhazQdvf5G6iGJinCoYGRX6SuEdflNAagi7SLg=s96-c,Speaker
258,Microsoft,@sinedied,Yohan Lasorsa,16709,https://devoxxian-image-thumbnails.s3-eu-west-1.amazonaws.com/profile-9172a206-60e8-43c2-bc0c-ca18a69b85cd.jpg,Speaker
259,AWS,@olivierleplus,Olivier Leplus,16714,https://lh3.googleusercontent.com/a-/AOh14GjF6jwddA2Cbx-7yJ7stFGwdoFwFIL-6d5VcxKJakw=s96-c,Speaker
260,Miro,,William Bishop,20553,https://devoxxian-image-thumbnails.s3-eu-west-1.amazonaws.com/profile-5f10121c-5bdb-4adc-9d71-60eef2a5c107.jpg,Speaker
261,Miro,@fred_estrela,Frederico Estrela Gaiva,49402,https://devoxxian-image-thumbnails.s3-eu-west-1.amazonaws.com/profile-18874341-dcd1-4092-8e56-1e13be85be38.png,Speaker
262,Hazelcast,@kubem,Jakub Marchwicki,16723,https://devoxxian-image-thumbnails.s3-eu-west-1.amazonaws.com/profile-1e683535-195f-445d-b1ac-3251469237f4.png,Speaker
263,ASML,,Alexey Nesterenko,14122,https://devoxxian-image-thumbnails.s3-eu-west-1.amazonaws.com/profile-014b27f1-3820-49eb-a957-424dfcc3ba4e.jpg,Speaker
264,Oracle,@JosePaumard,José Paumard,16701,https://lh3.googleusercontent.com/a-/AOh14GhsVIUuTR9Onoo-D8UMW5QId2Yw1V_EUvqdWdNQ0RQ=s96-c,Speaker
265,Tetrate,@boeboe81,Bart Van Bos,49952,https://devoxxian-image-thumbnails.s3-eu-west-1.amazonaws.com/profile-676d92ef-0b08-42e3-a90d-a48caf42a5fe.jpg,Speaker
266,Tetrate,,Eitan  Suez,8151,https://lh3.googleusercontent.com/a-/AOh14GilQccDaeCEEyx0UPvVX4qdUyjUmu7i1aqRDIjR=s96-c,Speaker
267,OpenValue,@de_gijt,Simone de Gijt,17933,https://devoxxian-image-thumbnails.s3-eu-west-1.amazonaws.com/profile-71a10081-e125-41fd-a466-fa6de4ef040d.jpeg,Speaker
268,adidas,@thamarswart,Thamar Swart,20559,https://devoxxian-image-thumbnails.s3-eu-west-1.amazonaws.com/profile-42a2fa99-3d2d-431c-b395-7fe576714a08.png,Speaker
269,CodinGame,@MathisHammel,Mathis Hammel,17651,https://devoxxian-image-thumbnails.s3-eu-west-1.amazonaws.com/profile-MathisHammel.jpg,Speaker
270,Red Hat,@alexsnaps,Alex Snaps,20055,https://lh3.googleusercontent.com/a-/AOh14GhQb4KqgoPz8CKWKD4dcFvI4LmalPmTIDo5cFC8=s96-c,Speaker
271,iO,@mrtnvh,Maarten Van Hoof,16073,https://devoxxian-image-thumbnails.s3-eu-west-1.amazonaws.com/profile-631ae8ff-96d9-4eea-a1d5-1b3343e67560.jpg,Speaker
272,Netcompany-Intrasoft,,Raimund Broechler,53451,https://devoxxian-image-thumbnails.s3-eu-west-1.amazonaws.com/profile-2f0e0723-602a-4ffa-aaec-70206356e2b5.jpg,Speaker
273,Lunatech,,Michaël Strauss,20075,https://devoxxian-image-thumbnails.s3-eu-west-1.amazonaws.com/profile-8c03abb6-c748-455c-82fa-19bbf74b71c2.jpg,Speaker
274,Hymaïa,@YoannBENOIT,Yoann Benoit,14112,https://lh3.googleusercontent.com/a-/AOh14GibI70L4ukC_S2JCsy8RW5agSf1G4dnvyNBnj8n=s96-c,Speaker
275,QuestDB,@ilyusvl,Vlad Ilyushchenko,39051,https://devoxxian-image-thumbnails.s3-eu-west-1.amazonaws.com/profile-38cd39e3-2ed3-4088-b928-15bab71eb480.jpeg,Speaker
276,OpenValue,@bjschrijver,Bert Jan Schrijver,1863,https://avatars.githubusercontent.com/u/4464854?v=4,Speaker
277,Snyk,@BrianVerm,Brian Vermeer,11603,https://devoxxian-image-thumbnails.s3-eu-west-1.amazonaws.com/profile-663b8d4f-0084-4194-8013-7e5b1ff078a1.png,Speaker
278,"Agile Developer, Inc.",@venkat_s,Venkat Subramaniam,47951,https://devoxxian-image-thumbnails.s3-eu-west-1.amazonaws.com/profile-venkat_s.jpg,Speaker
279,Novatec,@maeddes,Matthias Haeussler,16060,https://avatars.githubusercontent.com/u/11751587?v=4,Speaker
280,BB Consulting,@DaggieBe,Bart Blommaerts,1865,https://avatars.githubusercontent.com/u/3988458?v=4,Speaker
281,Docker,@glours,Guillaume Lours,17944,https://devoxxian-image-thumbnails.s3-eu-west-1.amazonaws.com/profile-df4f0c11-6388-41de-b018-0fa49ff5a146.jpg,Speaker
282,Microsoft,@agoncal,Antonio Goncalves,13311,https://devoxxian-image-thumbnails.s3-eu-west-1.amazonaws.com/profile-15009991-118a-4670-834a-3c73b9ab4188.png,Speaker
283,BellSoft,@dchuyko,Dmitry Chuyko,12655,https://devoxxian-image-thumbnails.s3-eu-west-1.amazonaws.com/profile-0bd963d8-7ec6-48e4-acc2-250b37d810cd.png,Speaker
284,Doctolib,,Bertrand Paquet,18859,https://lh3.googleusercontent.com/a-/AOh14GjdJEGqbU6uKp72FuMu0DMcNaFanacgPVhMk5g7mA=s96-c,Speaker
285,Yoink,@jqno,Jan Ouwens,5258,https://devoxxian-image-thumbnails.s3-eu-west-1.amazonaws.com/profile-bf91e2af-f917-4c98-830e-8723d9d1aa05.jpg,Speaker
286,Teckro,@igfasouza,Igor De Souza,49101,https://devoxxian-image-thumbnails.s3-eu-west-1.amazonaws.com/profile-c515710e-ebe1-4f54-809b-dd2358b827a4.jpeg,Speaker
287,Mastercard,@rafaDelNero,Rafael del Nero,17902,https://devoxxian-image-thumbnails.s3-eu-west-1.amazonaws.com/profile-5a73e194-0cdc-4fa7-b3cc-1fc86148e558.jpg,Speaker
288,Redis,@guyroyse,Guy Royse,16722,https://devoxxian-image-thumbnails.s3-eu-west-1.amazonaws.com/profile-94aa0979-58a4-45bd-a91f-6cf47b5f6c0d.jpg,Speaker
289,Crate.io,@SelakovicMarija,Marija Selakovic,17916,https://devoxxian-image-thumbnails.s3-eu-west-1.amazonaws.com/profile-ceff97cc-fcc2-40eb-b277-ef36c05a7571.jpeg,Speaker
290,Palo Alto Networks,@phoenixx52,Simon Melotte,17924,https://devoxxian-image-thumbnails.s3-eu-west-1.amazonaws.com/profile-4f37279d-d403-419e-956c-ac1efcd432c0.jpg,Speaker
291,GitHub,@reddobowen,Chris Reddington,20084,https://devoxxian-image-thumbnails.s3-eu-west-1.amazonaws.com/profile-25dd8d22-3668-4f2d-b5e8-757660bcfab4.jpeg,Speaker
292,Cegeka NV,,Tim Jacobs,57552,https://devoxxian-image-thumbnails.s3-eu-west-1.amazonaws.com/profile-d3d476fc-0c5b-439c-a43e-03798112c28b.jpg,Speaker
293,GitPod,@atduarte,André Duarte,61402,https://lh3.googleusercontent.com/a-/ACNPEu-XOcOhJPVb2fWxfHysWWruyhG3cCMmfMujA08=s96-c,Speaker
294,DDSoft,@DennieDeclercq,Dennie Declercq,18861,https://devoxxian-image-thumbnails.s3-eu-west-1.amazonaws.com/profile-ed94eba7-a330-4339-8773-3367bfd49fe3.jpg,Speaker
295,Red Hat,@danieloh30,Daniel Oh,3902,https://devoxxian-image-thumbnails.s3-eu-west-1.amazonaws.com/profile-1a62f608-5d7a-46aa-82df-dffb52d6f248.jpeg,Speaker
296,Lightbend,@aludwiko,Andrzej Ludwikowski,2558,https://devoxxian-image-thumbnails.s3-eu-west-1.amazonaws.com/profile-0a938836-c5dc-47c1-8cc9-cfed5d7452ce.jpg,Speaker
297,Google,@luke_wood_ml,Luke Wood,49401,https://devoxxian-image-thumbnails.s3-eu-west-1.amazonaws.com/profile-6dabad08-b590-492e-a8d4-be65fa81979f.jpg,Speaker
298,Sonatype,@t_mammarella,Theresa Mammarella,16064,https://devoxxian-image-thumbnails.s3-eu-west-1.amazonaws.com/profile-7897b7dd-05eb-4b6a-85d5-c089e605e46e.jpg,Speaker
299,"Sonatype, Inc.",@kadigrigg,Kadi Grigg,20570,https://lh3.googleusercontent.com/a-/AOh14GiLISPqqbczy1rsL3iwmRWEKQVikjjECFnVpDmThw=s96-c,Speaker
300,IBM,@gracejansen27,Grace Jansen,14903,https://devoxxian-image-thumbnails.s3-eu-west-1.amazonaws.com/profile-fcfc1bda-1160-4b62-b7aa-00edb082fc4f.jpg,Speaker
301,GROUP9,@JaapCoomans,Jaap Coomans,2806,https://lh3.googleusercontent.com/a-/AOh14GjX5_p9WoIyquGbe49ex0PC4ShRGPIYxSn-WGTXbw=s96-c,Speaker
302,Smals,@jganseman,Joachim Ganseman,47001,https://devoxxian-image-thumbnails.s3-eu-west-1.amazonaws.com/profile-b0018fa9-d85b-4283-ae29-10f32814a638.jpg,Speaker
303,Oracle Labs,@alina_yurenko,Alina Yurenko,20069,https://devoxxian-image-thumbnails.s3-eu-west-1.amazonaws.com/profile-305e3338-b29b-4d78-a485-3fccf6f7786e.jpg,Speaker
304,JetBrains,@VBragilevsky,Vitaly Bragilevsky,48251,https://devoxxian-image-thumbnails.s3-eu-west-1.amazonaws.com/profile-1d5767f5-d82c-4999-841b-e52ef2e40351.jpg,Speaker
305,Digital Asset,@jarek000000,Jarek Ratajski,18895,https://devoxxian-image-thumbnails.s3-eu-west-1.amazonaws.com/profile-92a813da-8f39-4f0b-9d4b-7cf6a6961ca7.png,Speaker
306,Gama-Soft,@ramtop,Uberto Barbini,7102,https://devoxxian-image-thumbnails.s3-eu-west-1.amazonaws.com/profile-ramtop.jpg,Speaker
307,Amazon Web Services,,Dennis Kieselhorst,6556,https://devoxxian-image-thumbnails.s3-eu-west-1.amazonaws.com/profile-315c3b2f-6849-4967-a1dd-034fbc596713.jpg,Speaker
308,AWS - Amazon Web Services,,Maximilian Schellhorn,6557,https://devoxxian-image-thumbnails.s3-eu-west-1.amazonaws.com/profile-374aae2e-1c8d-4f2d-bc1b-c7f2ae85f3c7.jpeg,Speaker
309,AngularArchitects,@rainerhahnekamp,Rainer Hahnekamp,11306,https://devoxxian-image-thumbnails.s3-eu-west-1.amazonaws.com/profile-b5ff4f2e-212e-4e10-8aed-fcde657f3a92.jpg,Speaker
310,Google,@val_deleplace,Valentin Deleplace,20584,https://avatars.githubusercontent.com/u/13508141?v=4,Speaker
311,Red Hat,@mariofusco,Mario Fusco,5266,https://devoxxian-image-thumbnails.s3-eu-west-1.amazonaws.com/profile-f5f3b231-7458-4dd8-9a89-026d09935d64.jpg,Speaker
312,Amazon,@kdnilsen,Kelvin Nilsen,15752,https://devoxxian-image-thumbnails.s3-eu-west-1.amazonaws.com/profile-17b222e7-2431-4d17-b725-33dd4731f0d4.jpg,Speaker
313,Citerus,@tobiasmodig,Tobias Modig,9903,https://devoxxian-image-thumbnails.s3-eu-west-1.amazonaws.com/profile-da4e7534-4cd7-4358-959c-071390d1c6a2.jpg,Speaker
314,Shodo,@JosianChevalier,Josian Chevalier,20058,https://devoxxian-image-thumbnails.s3-eu-west-1.amazonaws.com/profile-d59d71eb-9798-4e7c-bb5b-a12560f00cd7.jpg,Speaker
315,Google,@_JamesWard,James Ward,20076,https://devoxxian-image-thumbnails.s3-eu-west-1.amazonaws.com/profile-7cb8faf8-352c-47f3-9761-1538d529283a.jpg,Speaker
316,"Google, Inc.",@bhawkes,Brad Hawkes,20078,https://devoxxian-image-thumbnails.s3-eu-west-1.amazonaws.com/profile-b002c6a5-8acd-4dac-aefb-8f7bd7720212.jpeg,Speaker
317,Google,@jpampuch,John Pampuch,20079,https://devoxxian-image-thumbnails.s3-eu-west-1.amazonaws.com/profile-d923b7ce-45d1-47c5-b0c5-533a859d9314.jpeg,Speaker
318,Oracle,@graemerocher,Graeme Rocher,17941,https://devoxxian-image-thumbnails.s3-eu-west-1.amazonaws.com/profile-a94d4174-4b1e-4ef0-bd62-eccde75c1c67.jpg,Speaker
319,Oracle,,Kris Foster,20066,https://devoxxian-image-thumbnails.s3-eu-west-1.amazonaws.com/profile-53a07033-f2dc-476a-ae5a-a00c4f843678.jpg,Speaker
320,Gradle,@ljacomet,Louis Jacomet,10552,https://devoxxian-image-thumbnails.s3-eu-west-1.amazonaws.com/profile-c17421bd-2e4c-4c20-ad15-1ec0c43cc986.jpeg,Speaker
321,Gradle Inc.,@DPUkyle,Kyle Moore,49102,https://devoxxian-image-thumbnails.s3-eu-west-1.amazonaws.com/profile-6f96b6df-d31b-4794-9c17-f9b5907526b6.jpg,Speaker
322,Netflix,@aiborisov,Alex Borysov,20080,https://devoxxian-image-thumbnails.s3-eu-west-1.amazonaws.com/profile-f0e94016-59a5-4883-ae14-11f9e8be8ae5.jpg,Speaker
323,Netflix,@mykyta_p,Mykyta Protsenko,20077,https://devoxxian-image-thumbnails.s3-eu-west-1.amazonaws.com/profile-4c680e90-654e-41be-95c3-bb709beed20e.jpg,Speaker
324,OpenValue,@rbraam,Roy Braam,11309,https://devoxxian-image-thumbnails.s3-eu-west-1.amazonaws.com/profile-9d0a27a1-bdd4-47e8-8669-7c499ab78b17.jpeg,Speaker
325,Oracle,@ammbra1508,Ana Maria Mihalceanu,12109,https://lh3.googleusercontent.com/a/AATXAJzfOobol8kyXlaSJ_MGXJQ0aK_4G9nq5xU-n1IN=s96-c,Speaker
326,Betclic,,Etienne Puissant,16711,https://devoxxian-image-thumbnails.s3-eu-west-1.amazonaws.com/profile-79df3b61-c8ff-4aca-b411-12179d2d9908.jpg,Speaker
327,Betclic,@njozwiak,Jozwiak Nicolas,16078,https://devoxxian-image-thumbnails.s3-eu-west-1.amazonaws.com/profile-b37ca819-8b2c-4740-b352-e2f99d69b189.jpg,Speaker
328,Neo4j,,Kristof Neys,49951,https://devoxxian-image-thumbnails.s3-eu-west-1.amazonaws.com/profile-dedb5257-9693-4f76-99f5-32f47c7c55d5.jpeg,Speaker
329,bright-r,,Vincent van der Zijden,20576,https://devoxxian-image-thumbnails.s3-eu-west-1.amazonaws.com/profile-642770eb-bb5e-4a55-bba3-794f1e611577.jpg,Speaker
330,Luminis,@nicokrijnen,Nico Krijnen,2801,https://devoxxian-image-thumbnails.s3-eu-west-1.amazonaws.com/profile-d6c99034-c240-460e-b155-923dac6796c9.jpg,Speaker
331,Luminis,@jettroCoenradie,Jettro Coenradie,12102,https://devoxxian-image-thumbnails.s3-eu-west-1.amazonaws.com/profile-21227b6c-410a-4ca4-bf3f-abf209696c04.jpg,Speaker
332,Red Hat,@holly_cummins,Holly Cummins,16716,https://devoxxian-image-thumbnails.s3-eu-west-1.amazonaws.com/profile-034a75fe-ef5a-49b0-a207-7f8da2a46e32.jpg,Speaker
333,Red Hat,@edeandrea,Eric Deandrea,6559,https://devoxxian-image-thumbnails.s3-eu-west-1.amazonaws.com/profile-159433a7-bb57-40d8-8a01-de97d65a95b1.jpg,Speaker
334,Elastic,@MahaALSayasneh,Maha Alsayasneh,18851,https://lh3.googleusercontent.com/a-/AFdZucp3lhxR7vijFDKRgHKtmsST3VltuwwVD8bJ_KFTaw=s96-c,Speaker
335,Capgemini,,Marion Nicolé,17904,https://devoxxian-image-thumbnails.s3-eu-west-1.amazonaws.com/profile-d4db7470-8bf7-4c8c-84ed-0a93a2a9327f.png,Speaker
336,NFQ Asia,,Ludovic TOISON,4604,https://devoxxian-image-thumbnails.s3-eu-west-1.amazonaws.com/profile-54d672fa-7e23-43bd-b965-a0423a580c2c.jpg,Speaker
337,,,Vincent Bodiou,17917,https://devoxxian-image-thumbnails.s3-eu-west-1.amazonaws.com/profile-95543361-393d-436f-820c-b6f73458d61a.png,Speaker
338,JDriven,@alex90_ch,Alexander Chatzizacharias,16712,https://devoxxian-image-thumbnails.s3-eu-west-1.amazonaws.com/profile-1b1c1e03-700a-45cd-a13e-48e5df78f5ee.jpg,Speaker
339,CINQ ICT,@BoukeNijhuis,Bouke Nijhuis,2804,https://devoxxian-image-thumbnails.s3-eu-west-1.amazonaws.com/profile-9e5004b0-3c9b-44e1-9fc0-39c0354a2a68.jpg,Speaker
340,AWS,@errcraft,James Gosling,57551,https://devoxxian-image-thumbnails.s3-eu-west-1.amazonaws.com/profile-errcraft.jpg,Speaker
341,MongoDB,@joel__lord,Joel Lord,13907,https://devoxxian-image-thumbnails.s3-eu-west-1.amazonaws.com/profile-833fef91-ab60-4b39-a4b9-a8ce2234688a.jpg,Speaker
342,Onto,@simonecasc,Simone Casciaroli,17940,https://devoxxian-image-thumbnails.s3-eu-west-1.amazonaws.com/profile-848dc2ba-9817-4b61-86c3-c7dd3e4b24d8.jpeg,Speaker
343,Eclipse Foundation,@ivar_grimstad,Ivar Grimstad,2559,https://avatars.githubusercontent.com/u/149188?v=4,Speaker
344,Amazon,@yigalatz,Yishai Galatzer,51051,https://devoxxian-image-thumbnails.s3-eu-west-1.amazonaws.com/profile-3fc14c94-4cdb-4992-88b9-aff52e27902a.jpeg,Speaker
345,,@mauricenaftalin,Maurice Naftalin,20053,https://devoxxian-image-thumbnails.s3-eu-west-1.amazonaws.com/profile-7259efee-8c6f-4a92-ae45-6c74eec85dd1.jpg,Speaker
346,Azul,@Speakjava,Simon Ritter,10904,https://devoxxian-image-thumbnails.s3-eu-west-1.amazonaws.com/profile-b7873f00-ac14-446d-95d3-3cce4f96ed58.jpg,Speaker
347,AtomicJar,@piotrprz,Piotr Przybyl,20054,https://devoxxian-image-thumbnails.s3-eu-west-1.amazonaws.com/profile-79137f03-07db-4363-a029-37b25157a407.jpg,Speaker
348,Elastic,@xeraa,Philipp Krenn,20587,https://devoxxian-image-thumbnails.s3-eu-west-1.amazonaws.com/profile-b00c0de6-c54a-42d9-addf-be06ad15c577.jpg,Speaker
349,Gradle,@davinkevin,Kevin Davin,12651,https://devoxxian-image-thumbnails.s3-eu-west-1.amazonaws.com/profile-davinkevin.jpg,Speaker
350,Red Hat,@emmanuelbernard,Emmanuel Bernard,17301,https://devoxxian-image-thumbnails.s3-eu-west-1.amazonaws.com/profile-811483d5-9584-4c86-bfb2-651041083766.jpg,Speaker
351,Red Hat,@clementplop,Clement Escoffier,17303,https://devoxxian-image-thumbnails.s3-eu-west-1.amazonaws.com/profile-7975ccbe-64b8-414f-97f7-b18d43c167fa.jpg,Speaker
352,Red Hat,@gunnarmorling,Gunnar Morling,20089,https://lh3.googleusercontent.com/a-/AOh14GihCBYp1plXFDKfAchzpn7tZkBlhGUg3kD7xvlSjw=s96-c,Speaker
353,JetBrains,@MaritvanDijk77,Marit van Dijk,17923,https://devoxxian-image-thumbnails.s3-eu-west-1.amazonaws.com/profile-8f5c9e82-c327-4729-8529-1eb65661d375.jpeg,Speaker
354,Kaizen Solutions,@DedieuS,Sylvain Dedieu,13902,https://lh3.googleusercontent.com/a-/AOh14GjZ5GpOJwI6-VM_BJNXMkXfqv_kkKnu7CeFTWc92Q=s96-c,Speaker
355,Form3,@yonlabs,Patrycja Wegrzynowicz,12654,https://devoxxian-image-thumbnails.s3-eu-west-1.amazonaws.com/profile-7f5ddeb2-551d-444f-b6d2-9e5e2a483348.png,Speaker
356,ABNAMRO,@EddyVos_EVCS,Eddy Vos,11605,https://devoxxian-image-thumbnails.s3-eu-west-1.amazonaws.com/profile-a8b775c0-4e41-4cbe-ab8f-2e55dea3cd8c.jpg,Speaker
357,CRV,,Pepijn Schildkamp,61401,https://devoxxian-image-thumbnails.s3-eu-west-1.amazonaws.com/profile-02dccde4-741b-4041-b4a7-678fc01a2f56.png,Speaker
358,Gatling,@slandelle,Stéphane Landelle,18856,https://devoxxian-image-thumbnails.s3-eu-west-1.amazonaws.com/profile-2849f766-3c69-408d-9d1a-91eb4fc218c5.jpg,Speaker
359,University Gustave Eiffel,,Remi Forax,17306,https://devoxxian-image-thumbnails.s3-eu-west-1.amazonaws.com/profile-7fa20ebb-cedc-454e-9f71-8bcfc68fce77.jpg,Speaker
360,JDriven,@timtebeek,Tim te Beek,14907,https://devoxxian-image-thumbnails.s3-eu-west-1.amazonaws.com/profile-e2d0a411-82fc-4b9d-9386-1f45495f942d.jpg,Speaker
361,Google,@yanaga,Edson Yanaga,57553,https://devoxxian-image-thumbnails.s3-eu-west-1.amazonaws.com/profile-219f3fc5-2925-4f32-a15d-7e5570c69b77.png,Speaker
362,Google,@glaforge,Guillaume Laforge,18899,https://devoxxian-image-thumbnails.s3-eu-west-1.amazonaws.com/profile-e472d895-c381-4d20-bd3a-ac41987596ef.jpg,Speaker
363,AtomicJar,@shelajev,Oleg Šelajev,8601,https://devoxxian-image-thumbnails.s3-eu-west-1.amazonaws.com/profile-033340f2-6ead-47c1-b2ab-88ea23e971bb.jpg,Speaker
364,SoftwareMill,@PaskSoftware,Bartłomiej Żyliński,1853,https://devoxxian-image-thumbnails.s3-eu-west-1.amazonaws.com/profile-88e555b7-d301-4361-bac4-3fb49f561392.jpg,Speaker
365,Red Hat,@ppalaga,Peter Palaga,14105,https://devoxxian-image-thumbnails.s3-eu-west-1.amazonaws.com/profile-913d465c-02de-4b1c-9768-2dbeb1129963.jpeg,Speaker
366,Cloudfork,@emicklei,Ernest Micklei,13904,https://devoxxian-image-thumbnails.s3-eu-west-1.amazonaws.com/profile-0217bd26-69e3-4a90-bc79-aea5a4864c8d.png,Speaker
367,Widit,@wimdeblauwe,Wim Deblauwe,3903,https://lh3.googleusercontent.com/a-/AOh14Gj_7c8KzPIlowttklUTZSCMTftjdmHOsMDNNh4FYA=s96-c,Speaker
368,Grafana,@fstabr,Fabian Stäber,18879,https://devoxxian-image-thumbnails.s3-eu-west-1.amazonaws.com/profile-5740a8f2-e9e3-45aa-9a77-afb263c522ea.jpg,Speaker
369,Vaadin,@leifastrand,Leif Åstrand,47006,https://devoxxian-image-thumbnails.s3-eu-west-1.amazonaws.com/profile-3c8a8b16-c5b6-4adc-b973-65d37e6f276f.jpg,Speaker
370,ING Belgium,@madalinghenea,Alexandru-Madalin Ghenea,18865,https://devoxxian-image-thumbnails.s3-eu-west-1.amazonaws.com/profile-796a6fa7-51e1-461f-aa54-276be9cc439a.jpg,Speaker
371,ING,,Marc Cortada Bertomeu,18869,https://devoxxian-image-thumbnails.s3-eu-west-1.amazonaws.com/profile-7c24869f-c1af-4c69-85ff-d7aaffd3f774.jpg,Speaker
372,,@pjdrouillon,Pieter-Jan Drouillon,12854,https://avatars.githubusercontent.com/u/1758817?v=4,Speaker
373,Google,,Jonathan Joo,20589,https://devoxxian-image-thumbnails.s3-eu-west-1.amazonaws.com/profile-ecf7ae88-0fb6-40da-b292-54f8265596af.jpg,Speaker
374,ARHS,,Adriano Campestrini,57558,https://devoxxian-image-thumbnails.s3-eu-west-1.amazonaws.com/profile-740ea99d-0fcf-4bb8-be16-2f9bec9dd261.jpg,Speaker
375,Shodo,@JulienTopcu,Julien Topçu,1857,https://devoxxian-image-thumbnails.s3-eu-west-1.amazonaws.com/profile-fb98680e-aa8b-415c-8986-960de612e04e.png,Speaker
376,OpenValue,@royvanrijn,Roy van Rijn,9401,https://devoxxian-image-thumbnails.s3-eu-west-1.amazonaws.com/profile-79cf8270-b923-4a6c-9baf-ffdd40aadb6f.jpg,Speaker
377,DataStax,@mgrygles,Mary Grygleski,10101,https://devoxxian-image-thumbnails.s3-eu-west-1.amazonaws.com/profile-89db0ad8-cc73-46bf-909f-33debf96f67a.jpg,Speaker
378,StarTree,@karinwolok,Karin Wolok,9901,https://devoxxian-image-thumbnails.s3-eu-west-1.amazonaws.com/profile-a543152c-5f7f-4e8a-baad-0d2e29f4baff.png,Speaker
379,Red Hat,@1ovthafew,Gavin King,47004,https://avatars.githubusercontent.com/u/579974?v=4,Speaker
380,ARMO,@slashben81,Ben Hirschberg,16720,https://devoxxian-image-thumbnails.s3-eu-west-1.amazonaws.com/profile-bac7a9c5-4bb3-4877-91a1-4a3a608cd052.jpeg,Speaker
381,Info Support,@hannotify,Hanno Embregts,14104,https://devoxxian-image-thumbnails.s3-eu-west-1.amazonaws.com/profile-14a3520f-3e50-4376-80ac-61a0e9948be1.jpg,Speaker
382,Yoink,@jhkuperus,Jan-Hendrik Kuperus,18894,https://devoxxian-image-thumbnails.s3-eu-west-1.amazonaws.com/profile-385907e7-9d0d-4e75-b95b-982a96d43799.png,Speaker
383,Azul System,@prpatel,Pratik Patel,18890,https://devoxxian-image-thumbnails.s3-eu-west-1.amazonaws.com/profile-2bf01eff-437d-4051-b992-86885a88073c.png,Speaker
384,Red Hat,@alexsotob,Alex Soto,14126,https://lh3.googleusercontent.com/a-/AOh14GgN510I9aTJCXXheO5eACMeO9JnLaTcczDUm6D3Vg=s96-c,Speaker
385,Google,@loosebazooka,Appu Goundan,20062,https://lh3.googleusercontent.com/a-/AFdZucpmiKF3ktwzlJqSNXx6MRzi-UTfnJ5PjUfUx5DMFA=s96-c,Speaker
386,Chainguard,@patricknflynn,Patrick Flynn,20063,https://devoxxian-image-thumbnails.s3-eu-west-1.amazonaws.com/profile-25fa30a8-cc17-4a4e-8093-5f5e86fd832d.jpeg,Speaker
387,Craftgate,@lemiorhan,Lemi Orhan Ergin,2567,https://devoxxian-image-thumbnails.s3-eu-west-1.amazonaws.com/profile-lemiorhan.jpg,Speaker
388,Red Hat,@dandreadis,Dimitris Andreadis,1855,https://devoxxian-image-thumbnails.s3-eu-west-1.amazonaws.com/profile-37d323d7-c380-4d71-b37a-17b84be9ddd2.jpg,Speaker
389,Builder.io,@mhevery,Misko Hevery,2802,https://devoxxian-image-thumbnails.s3-eu-west-1.amazonaws.com/profile-15f45289-4017-4675-a9da-86cc9c5bbecf.jpeg,Speaker
390,Jedi BV,@patrickdebois,Patrick Debois,17925,https://devoxxian-image-thumbnails.s3-eu-west-1.amazonaws.com/profile-72c45232-8451-448a-8c68-fc57ca4fb5b3.jpg,Speaker
391,Airties,,Steven Aerts,17945,https://devoxxian-image-thumbnails.s3-eu-west-1.amazonaws.com/profile-7c17f7e7-5e81-4b2b-8e16-b4e061304d9d.jpg,Speaker
392,VMWare,,Dieter Hubau,65302,https://devoxxian-image-thumbnails.s3-eu-west-1.amazonaws.com/profile-4f10309a-5b6c-4dc8-8d4c-75f834b4363b.jpeg,Speaker
393,AtomicJar,@Kiview,Kevin Wittek,53457,https://devoxxian-image-thumbnails.s3-eu-west-1.amazonaws.com/profile-16b8d467-cf33-432b-b8b8-efdb61851e80.jpg,Speaker
394,Oracle,@thomaswue,Thomas Wuerthinger,20569,https://devoxxian-image-thumbnails.s3-eu-west-1.amazonaws.com/profile-719aa45d-6b78-424d-bd34-7ce5bcde0355.jpg,Speaker
395,Microsoft,@brunoborges,Bruno Borges,5254,https://lh3.googleusercontent.com/a-/AOh14Gg_Bh0qPu9IacN04zSz_cGNJ-MhXalm7imI2nI85n0=s96-c,Speaker
396,Red Hat,@kevindubois,Kevin Dubois,2059,https://lh3.googleusercontent.com/a-/AOh14GgR-OfaLiyfLZNIKmUy6yqwz86OPOhP1QtssfiY=s96-c,Speaker
397,Hopsworks,,Jim Dowling,20098,https://devoxxian-image-thumbnails.s3-eu-west-1.amazonaws.com/profile-33ae4548-392d-4aaf-8e1c-c48384d03f02.jpg,Speaker
398,VMware Tanzu Labs,,Dmitry Belyaev,14102,https://devoxxian-image-thumbnails.s3-eu-west-1.amazonaws.com/profile-ac5b2466-00ff-477a-b202-b947e7ab3d95.jpg,Speaker
399,ING,,Glenn ten Cate,52501,https://devoxxian-image-thumbnails.s3-eu-west-1.amazonaws.com/profile-cc727641-d117-49af-856a-c1d31d639cbb.png,Speaker
400,Salt And Pepper,@olimpiupop,Olimpiu POP,17949,https://devoxxian-image-thumbnails.s3-eu-west-1.amazonaws.com/profile-olimpiupop.jpg,Speaker
401,VMware,@starbuxman,Josh Long,20588,https://devoxxian-image-thumbnails.s3-eu-west-1.amazonaws.com/profile-2d11dea4-b418-4ab7-8535-adbc96b05753.jpg,Speaker
402,VMware - Tanzu Spring,@Kehrlann,Daniel Garnier-Moiroux,2565,https://devoxxian-image-thumbnails.s3-eu-west-1.amazonaws.com/profile-c78c8919-58fd-4fef-ac07-ab3c5725239b.jpg,Speaker
403,Picnic Technologies,@Sander_Mak,Sander Mak,16717,https://devoxxian-image-thumbnails.s3-eu-west-1.amazonaws.com/profile-dea8c13a-f254-4d92-b90b-ebaf622cbd91.jpg,Speaker
404,Vectr.Consulting,@ignazw,Ignaz Wanders,20083,https://devoxxian-image-thumbnails.s3-eu-west-1.amazonaws.com/profile-d0b384d8-d331-4bc7-a68b-3602ea758c13.jpeg,Speaker
405,Microsoft,@webmaxru,Maxim Salnikov,17912,https://devoxxian-image-thumbnails.s3-eu-west-1.amazonaws.com/profile-6f9d4123-6609-4595-a78b-47d447674000.jpg,Speaker
406,Flowable,@filiphr,Filip Hrisafov,53452,https://lh3.googleusercontent.com/a-/AOh14GhJVNuOPZhCFhy8sA8AYl-ybVffAIPNW9bNhw7XUw=s96-c,Speaker
407,Flowable,@jbarrez,Joram Barrez,53453,https://devoxxian-image-thumbnails.s3-eu-west-1.amazonaws.com/profile-b63e7b2e-fe61-4504-b8af-118e8ab6e4cc.jpg,Speaker
408,Flo Health,@v_formicola,Vanessa Formicola,12351,https://devoxxian-image-thumbnails.s3-eu-west-1.amazonaws.com/profile-156488fe-b87b-4e60-ad43-d9cde71c97bb.jpg,Speaker
409,Quintor,,Pim Otte,18884,https://devoxxian-image-thumbnails.s3-eu-west-1.amazonaws.com/profile-37105d14-457a-4b22-afce-30564edb535c.jpg,Speaker
410,Craftsmen,@MichelSchudel,Michel Schudel,11303,https://devoxxian-image-thumbnails.s3-eu-west-1.amazonaws.com/profile-72e570f5-4192-43fd-a9f4-a3ed698895f5.jpg,Speaker
411,Oracle,@pressron,Ron Pressler,57554,https://devoxxian-image-thumbnails.s3-eu-west-1.amazonaws.com/profile-3b2dfdd8-1a23-4592-bfdc-1d2607a0ba57.jpeg,Speaker
412,Oracle,,Alan Bateman,57556,https://devoxxian-image-thumbnails.s3-eu-west-1.amazonaws.com/profile-339b1f5d-6bc9-45cb-a706-20d37af16e47.jpg,Speaker
413,Ursatile,@dylanbeattie,Dylan Beattie,47007,https://devoxxian-image-thumbnails.s3-eu-west-1.amazonaws.com/profile-dylanbeattie.jpg,Speaker
414,Red Hat,@DanHeidinga,Dan Heidinga,17931,https://devoxxian-image-thumbnails.s3-eu-west-1.amazonaws.com/profile-095f3c79-2d2f-421f-ae94-a1eb2c4aa9d4.jpeg,Speaker
415,Atlassian,@svenpet,Sven Peters,2053,https://devoxxian-image-thumbnails.s3-eu-west-1.amazonaws.com/profile-c076a95d-c8f2-4a18-9700-86b9228dee14.jpg,Speaker
416,JetBrains,@HelenJoScott,Helen Scott,2557,https://devoxxian-image-thumbnails.s3-eu-west-1.amazonaws.com/profile-b825f11f-01f8-4315-8b17-b94a0215899a.jpg,Speaker
417,Team Rockstars IT,@edwinderks,Edwin Derks,1862,https://lh3.googleusercontent.com/a-/AOh14GhSgW6ueZYqZSnH15J_7OoIk9TnxDmYE88T87f3kg=s96-c,Speaker
418,,@simonbrown,Simon Brown,14119,https://devoxxian-image-thumbnails.s3-eu-west-1.amazonaws.com/profile-ecb67b66-11dc-4391-8bce-2658d05972b5.jpg,Speaker
419,SFEIR,@Nicooss54,Nicolas FRIZZARIN,14901,https://devoxxian-image-thumbnails.s3-eu-west-1.amazonaws.com/profile-21b91a2e-2ef8-446f-9ca5-f389c5270b38.jpg,Speaker
420,confidential-computing.com,,Steven Skone,20072,https://devoxxian-image-thumbnails.s3-eu-west-1.amazonaws.com/profile-8396dc95-b91a-46b0-9418-8796662f732e.png,Speaker
421,Philip Riecks IT Consulting,@rieckpil,Philip Riecks,1859,https://devoxxian-image-thumbnails.s3-eu-west-1.amazonaws.com/profile-2a33f18d-d790-4ce6-92fc-3744b42703ac.jpg,Speaker
422,ING Bank NL,@vveloso,Vasco Veloso,2055,https://lh3.googleusercontent.com/a-/AOh14GgGjkmxX3-8t9JpDqTC2_TyP_2O5nG7b5frkhT0UQ=s96-c,Speaker
423,Calicarpa,@le_science4all,Lê Nguyên Hoang,47005,https://devoxxian-image-thumbnails.s3-eu-west-1.amazonaws.com/profile-84870f0a-84a1-4f8b-8a48-1e079a1160e7.jpg,Speaker
424,,@Martin_NB,Martin Klähn,20571,https://devoxxian-image-thumbnails.s3-eu-west-1.amazonaws.com/profile-4fc33dff-2409-484c-952e-c52d63dfbf93.jpg,Speaker
425,,@svennb,Sven Reimers,20572,https://devoxxian-image-thumbnails.s3-eu-west-1.amazonaws.com/profile-2175eb91-0036-469e-a6a8-d1dc3166f165.jpg,Speaker
426,Backbase,@eliasnogueira,Elias Nogueira,53456,https://lh3.googleusercontent.com/a-/AOh14Gh0gq2bETk53u9ox0b_fUsh1abD0ffMfO22d1abCg=s96-c,Speaker
427,Zup,@otaviojava,Otavio Santana,4202,https://lh3.googleusercontent.com/a-/AOh14Gj--6oIDst1jkXqfoUX-6LsNxmKk1JWO-bFm0pqng=s96-c,Speaker
428,William Hill / Grand Parade,,Tomasz Manugiewicz,17928,https://devoxxian-image-thumbnails.s3-eu-west-1.amazonaws.com/profile-5bdffbb2-6d20-485d-a0e1-67872b8958d7.jpg,Speaker
429,WPS – Workplace Solutions,@hschwentner,Henning Schwentner,6553,https://devoxxian-image-thumbnails.s3-eu-west-1.amazonaws.com/profile-20a2abb8-102e-4135-a9b9-a5a74686406d.jpg,Speaker
430,Avanade,@anoras,Anders Norås,20581,https://devoxxian-image-thumbnails.s3-eu-west-1.amazonaws.com/profile-443bb7af-7db9-4ebd-b2d7-b76194c32c3b.webp,Speaker
431,Devoxx,@stephan007,Stephan Janssen,3801,https://lh3.googleusercontent.com/a-/AOh14GhWmAgQ0p0O-S3_cRNpuBRFsRPFZkuGlix6yrm-iw=s96-c,Speaker
432,Microsoft,@juliendubois,Julien Dubois,13310,https://devoxxian-image-thumbnails.s3-eu-west-1.amazonaws.com/profile-8a4ae6d3-91f5-4039-91ff-ed22f1ff9a7d.png,Speaker
433,Apollo GraphQL,@BoD,Benoit LUBEK,3152,https://devoxxian-image-thumbnails.s3-eu-west-1.amazonaws.com/profile-1febfc95-6f8f-4be0-94eb-941eb82e93d8.jpg,Speaker
434,,@martinbonnin,Martin Bonnin,3151,https://devoxxian-image-thumbnails.s3-eu-west-1.amazonaws.com/profile-8456d513-ed15-4af0-b3af-4a3444457e4e.jpeg,Speaker
435,SCIAM,@antoine_sd,Antoine Sabot-Durand,20573,https://avatars.githubusercontent.com/u/489817?v=4,Speaker
436,,@rdebusscher,Rudy De Busscher,16702,https://lh3.googleusercontent.com/a-/AOh14GiP6y6lu8syC6FW7kJv_ivnPnbIa2SnEVwR1n4b=s96-c,Speaker
437,Splunk,@robertcastley,Robert Castley,57557,https://devoxxian-image-thumbnails.s3-eu-west-1.amazonaws.com/profile-8bb9a5f5-ab59-44d9-9c1f-3f4f7b396ff2.jpeg,Speaker
438,Criteo,@Poone_mk,Pooneh Mokariasl,18862,https://devoxxian-image-thumbnails.s3-eu-west-1.amazonaws.com/profile-334661a0-92aa-4237-a69e-513a926dd1ca.jpg,Speaker
439,Collibra,,Gretel De Paepe,53454,https://devoxxian-image-thumbnails.s3-eu-west-1.amazonaws.com/profile-5fac9d18-f409-4990-bc43-225e0299f2ba.png,Speaker
440,Collibra,,Nick Evers,53455,https://devoxxian-image-thumbnails.s3-eu-west-1.amazonaws.com/profile-dd08815d-1518-4a97-91b6-015b125087f5.jpg,Speaker
441,Red Hat,@evacchi,Edoardo Vacchi,11305,https://devoxxian-image-thumbnails.s3-eu-west-1.amazonaws.com/profile-3ae18efe-25d0-4059-b46a-3ddc7fa93d5b.png,Speaker
442,van der Slot Software,,Paul van der Slot,16062,https://devoxxian-image-thumbnails.s3-eu-west-1.amazonaws.com/profile-98f97dc8-78ab-4a81-b03b-ac54a9fde9f1.jpeg,Speaker
443,iO,,Mark van der Linden,18873,https://devoxxian-image-thumbnails.s3-eu-west-1.amazonaws.com/profile-f86fa5e0-1e58-4549-b5e3-936e2959707b.jpeg,Speaker
444,iO,@lucienimmink,Lucien Immink,13502,https://devoxxian-image-thumbnails.s3-eu-west-1.amazonaws.com/profile-3bc63935-5bcf-4046-af5e-165e2f5b781f.jpg,Speaker
445,Airties,,Paul Praet,20096,https://devoxxian-image-thumbnails.s3-eu-west-1.amazonaws.com/profile-2bebe78d-835f-4adb-860a-61991c5fa97b.jpg,Speaker
446,MuleSoft,@sawantakshata02,Akshata Sawant,13302,https://devoxxian-image-thumbnails.s3-eu-west-1.amazonaws.com/profile-836ee91c-30e0-4baf-ac47-d6d792fb9945.jpg,Speaker
